PICKUP_LOCATION_ID,DROPOFF_LOCATION_ID,PAYMENT_TYPE_ID,PICKUP_DATE,PICKUP_HOUR,DROPOFF_DATE,DROPOFF_HOUR,PICKUP_BOROUGH,PICKUP_ZONE,DROPOFF_BOROUGH,DROPOFF_ZONE,PAYMENT_TYPE_NAME,PASSENGER_COUNT,TRIP_DISTANCE,DURATION_MINUTES,FARE_AMOUNT,TIP_AMOUNT,TOLLS_AMOUNT,TOTAL_AMOUNT
236,237,1,2024-04-26,13,2024-04-26,13,Manhattan,Upper East Side North,Manhattan,Upper East Side South,Credit card,1,0.76,4,7.2,2.24,0,13.44
161,237,1,2024-04-26,13,2024-04-26,14,Manhattan,Midtown Center,Manhattan,Upper East Side South,Credit card,1,1.4,14,14.2,3.64,0,21.84
132,140,1,2024-04-26,13,2024-04-26,14,Queens,JFK Airport,Manhattan,Lenox Hill East,Credit card,1,19,62,70,16.55,6.94,99.24
138,48,1,2024-04-26,13,2024-04-26,14,Queens,LaGuardia Airport,Manhattan,Clinton East,Credit card,1,8.7,38,40.1,14.45,6.94,72.24
164,239,1,2024-04-26,13,2024-04-26,14,Manhattan,Midtown South,Manhattan,Upper West Side South,Credit card,1,2.6,22,17.7,3.25,0,24.95
138,236,1,2024-04-26,13,2024-04-26,13,Queens,LaGuardia Airport,Manhattan,Upper East Side North,Credit card,1,8.2,23,35.2,10.55,6.94,63.44
236,161,1,2024-04-26,13,2024-04-26,14,Manhattan,Upper East Side North,Manhattan,Midtown Center,Credit card,1,1.7,11,12.8,4.2,0,21
138,97,1,2024-04-26,13,2024-04-26,13,Queens,LaGuardia Airport,Brooklyn,Fort Greene,Credit card,1,9.75,37,47.1,11.07,0,66.42
158,163,1,2024-04-26,13,2024-04-26,13,Manhattan,Meatpacking/West Village West,Manhattan,Midtown North,Credit card,2,3.3,32,27.5,5,0,36.5
237,236,2,2024-04-26,13,2024-04-26,13,Manhattan,Upper East Side South,Manhattan,Upper East Side North,Cash,1,0.88,7,7.9,0,0,11.9
75,239,1,2024-04-26,13,2024-04-26,13,Manhattan,East Harlem South,Manhattan,Upper West Side South,Credit card,1,2.14,15,16.3,4.06,0,24.36
142,48,1,2024-04-26,13,2024-04-26,13,Manhattan,Lincoln Square East,Manhattan,Clinton East,Credit card,1,0.91,6,7.9,2.38,0,14.28
163,43,1,2024-04-26,13,2024-04-26,13,Manhattan,Midtown North,Manhattan,Central Park,Credit card,1,2.36,14,15.6,4.4,0,24
43,140,1,2024-04-26,13,2024-04-26,13,Manhattan,Central Park,Manhattan,Lenox Hill East,Credit card,1,2.44,15,15.6,3.92,0,23.52
137,79,1,2024-04-26,13,2024-04-26,13,Manhattan,Kips Bay,Manhattan,East Village,Credit card,1,1.19,5,7.9,1.78,0,13.68
229,162,1,2024-04-26,13,2024-04-26,13,Manhattan,Sutton Place/Turtle Bay North,Manhattan,Midtown East,Credit card,1,0.4,5,6.5,2.1,0,12.6
237,236,1,2024-04-26,13,2024-04-26,13,Manhattan,Upper East Side South,Manhattan,Upper East Side North,Credit card,1,0.9,6,7.9,3.55,0,15.45
236,237,1,2024-04-26,13,2024-04-26,13,Manhattan,Upper East Side North,Manhattan,Upper East Side South,Credit card,1,0.5,3,5.8,1.95,0,11.75
161,237,1,2024-04-26,13,2024-04-26,14,Manhattan,Midtown Center,Manhattan,Upper East Side South,Credit card,1,0.5,6,6.5,2,0,12.5
138,50,1,2024-04-26,13,2024-04-26,14,Queens,LaGuardia Airport,Manhattan,Clinton West,Credit card,1,12.14,46,56.2,5,6.94,78.89
141,163,1,2024-04-26,13,2024-04-26,13,Manhattan,Lenox Hill West,Manhattan,Midtown North,Credit card,1,1.2,10,10.7,2.9,0,17.6
163,143,1,2024-04-26,13,2024-04-26,14,Manhattan,Midtown North,Manhattan,Lincoln Square West,Credit card,1,1.2,9,10,2.8,0,16.8
132,33,1,2024-04-26,13,2024-04-26,14,Queens,JFK Airport,Brooklyn,Brooklyn Heights,Credit card,1,18.04,67,80.7,10,0,93.95
237,162,1,2024-04-26,13,2024-04-26,13,Manhattan,Upper East Side South,Manhattan,Midtown East,Credit card,1,1.05,15,13.5,3.5,0,21
162,234,1,2024-04-26,13,2024-04-26,13,Manhattan,Midtown East,Manhattan,Union Sq,Credit card,3,1.33,9,10,2.8,0,16.8
237,161,1,2024-04-26,13,2024-04-26,13,Manhattan,Upper East Side South,Manhattan,Midtown Center,Credit card,1,1.81,14,14.2,3.64,0,21.84
68,162,1,2024-04-26,13,2024-04-26,13,Manhattan,East Chelsea,Manhattan,Midtown East,Credit card,1,2.6,26,22.6,5.3,0,31.9
162,114,2,2024-04-26,13,2024-04-26,14,Manhattan,Midtown East,Manhattan,Greenwich Village South,Cash,1,2.1,13,14.2,0,0,18.2
43,33,1,2024-04-26,13,2024-04-26,13,Manhattan,Central Park,Brooklyn,Brooklyn Heights,Credit card,1,7.74,42,42.9,14.07,0,60.97
164,132,1,2024-04-26,13,2024-04-26,14,Manhattan,Midtown South,Queens,JFK Airport,Credit card,1,17.24,67,70,12.14,6.94,93.08
79,107,2,2024-04-26,13,2024-04-26,13,Manhattan,East Village,Manhattan,Gramercy,Cash,1,0.77,10,10,0,0,14
211,264,1,2024-04-26,13,2024-04-26,13,Manhattan,SoHo,Unknown,N/A,Credit card,1,1.8,19,17.7,5.7,6.94,34.34
249,264,1,2024-04-26,13,2024-04-26,14,Manhattan,West Village,Unknown,N/A,Credit card,1,1.8,20,18.4,4.45,0,26.85
246,239,2,2024-04-26,13,2024-04-26,13,Manhattan,West Chelsea/Hudson Yards,Manhattan,Upper West Side South,Cash,3,2.95,28,26.1,0,0,30.1
239,41,1,2024-04-26,13,2024-04-26,13,Manhattan,Upper West Side South,Manhattan,Central Harlem,Credit card,1,2.57,16,16.3,4.06,0,24.36
140,138,1,2024-04-26,13,2024-04-26,14,Manhattan,Lenox Hill East,Queens,LaGuardia Airport,Credit card,1,9.49,27,42.9,11.77,6.94,70.61
132,90,1,2024-04-26,13,2024-04-26,15,Queens,JFK Airport,Manhattan,Flatiron,Credit card,2,17.68,61,70,0,6.94,82.69
161,161,1,2024-04-26,13,2024-04-26,13,Manhattan,Midtown Center,Manhattan,Midtown Center,Credit card,2,0.5,5,5.8,0,0,9.8
161,113,1,2024-04-26,13,2024-04-26,13,Manhattan,Midtown Center,Manhattan,Greenwich Village North,Credit card,2,1.6,12,12.1,2.5,0,18.6
75,75,2,2024-04-26,13,2024-04-26,13,Manhattan,East Harlem South,Manhattan,East Harlem South,Cash,1,0.8,6,7.2,0,0,8.7
236,263,2,2024-04-26,13,2024-04-26,13,Manhattan,Upper East Side North,Manhattan,Yorkville West,Cash,1,0.55,3,5.8,0,0,9.8
236,237,1,2024-04-26,13,2024-04-26,13,Manhattan,Upper East Side North,Manhattan,Upper East Side South,Credit card,2,0.68,4,6.5,1,0,11.5
237,163,1,2024-04-26,13,2024-04-26,13,Manhattan,Upper East Side South,Manhattan,Midtown North,Credit card,1,1.14,8,9.3,2.66,0,15.96
163,1,1,2024-04-26,13,2024-04-26,14,Manhattan,Midtown North,EWR,Newark Airport,Credit card,1,17.97,46,95.1,12,17.03,125.13
100,230,2,2024-04-26,13,2024-04-26,13,Manhattan,Garment District,Manhattan,Times Sq/Theatre District,Cash,1,1.13,19,17,0,0,21
68,239,1,2024-04-26,13,2024-04-26,14,Manhattan,East Chelsea,Manhattan,Upper West Side South,Credit card,1,3.09,19,20.5,4.9,0,29.4
237,263,1,2024-04-26,13,2024-04-26,13,Manhattan,Upper East Side South,Manhattan,Yorkville West,Credit card,1,0.93,7,8.6,2,0,14.6
263,262,2,2024-04-26,13,2024-04-26,13,Manhattan,Yorkville West,Manhattan,Yorkville East,Cash,1,0.48,3,5.1,0,0,9.1
141,140,1,2024-04-26,13,2024-04-26,13,Manhattan,Lenox Hill West,Manhattan,Lenox Hill East,Credit card,1,0.51,6,6.5,2.1,0,12.6
263,140,1,2024-04-26,13,2024-04-26,13,Manhattan,Yorkville West,Manhattan,Lenox Hill East,Credit card,1,0.66,4,5.8,1.96,0,11.76
141,237,1,2024-04-26,13,2024-04-26,13,Manhattan,Lenox Hill West,Manhattan,Upper East Side South,Credit card,1,0.26,1,3.7,1.5,0,9.2
239,166,1,2024-04-26,13,2024-04-26,13,Manhattan,Upper West Side South,Manhattan,Morningside Heights,Credit card,1,2.63,14,16.3,4.06,0,24.36
166,161,1,2024-04-26,13,2024-04-26,13,Manhattan,Morningside Heights,Manhattan,Midtown Center,Credit card,1,5.91,18,27.5,9.45,0,40.95
161,234,1,2024-04-26,13,2024-04-26,14,Manhattan,Midtown Center,Manhattan,Union Sq,Credit card,1,1.38,9,10.7,2.94,0,17.64
234,170,1,2024-04-26,13,2024-04-26,13,Manhattan,Union Sq,Manhattan,Murray Hill,Credit card,1,1.31,21,18.4,4.48,0,26.88
161,238,1,2024-04-26,13,2024-04-26,13,Manhattan,Midtown Center,Manhattan,Upper West Side North,Credit card,1,2,14,12.8,2.5,0,19.3
239,68,1,2024-04-26,13,2024-04-26,14,Manhattan,Upper West Side South,Manhattan,East Chelsea,Credit card,4,2.6,26,20.5,10,0,34.5
88,141,1,2024-04-26,13,2024-04-26,13,Manhattan,Financial District South,Manhattan,Lenox Hill West,Credit card,1,6.43,25,30.3,8.57,0,42.87
138,3,1,2024-04-26,13,2024-04-26,13,Queens,LaGuardia Airport,Bronx,Allerton/Pelham Gardens,Credit card,2,11.16,20,42.9,16.9,6.94,74.99
236,236,1,2024-04-26,13,2024-04-26,13,Manhattan,Upper East Side North,Manhattan,Upper East Side North,Credit card,1,0.4,4,5.1,1.36,0,10.46
236,162,1,2024-04-26,13,2024-04-26,13,Manhattan,Upper East Side North,Manhattan,Midtown East,Credit card,2,1.7,16,14.2,3.64,0,21.84
237,236,1,2024-04-26,13,2024-04-26,13,Manhattan,Upper East Side South,Manhattan,Upper East Side North,Credit card,1,0.7,6,6.5,5,0,15.5
132,61,1,2024-04-26,13,2024-04-26,14,Queens,JFK Airport,Brooklyn,Crown Heights North,Credit card,1,12.8,67,63.9,6,0,73.15
158,114,1,2024-04-26,13,2024-04-26,14,Manhattan,Meatpacking/West Village West,Manhattan,Greenwich Village South,Credit card,1,1.23,16,14.2,3.64,0,21.84
13,249,1,2024-04-26,13,2024-04-26,13,Manhattan,Battery Park City,Manhattan,West Village,Credit card,1,2.4,12,14.9,3.75,0,22.65
234,107,1,2024-04-26,13,2024-04-26,13,Manhattan,Union Sq,Manhattan,Gramercy,Credit card,1,0.5,8,8.6,1,0,13.6
161,163,1,2024-04-26,13,2024-04-26,13,Manhattan,Midtown Center,Manhattan,Midtown North,Credit card,1,0.32,2,4.4,1.68,0,10.08
230,138,1,2024-04-26,13,2024-04-26,14,Manhattan,Times Sq/Theatre District,Queens,LaGuardia Airport,Credit card,2,10.34,38,47.1,12.61,6.94,75.65
233,148,1,2024-04-26,13,2024-04-26,13,Manhattan,UN/Turtle Bay South,Manhattan,Lower East Side,Credit card,1,2.42,16,16.3,3.65,0,23.95
90,148,1,2024-04-26,12,2024-04-26,13,Manhattan,Flatiron,Manhattan,Lower East Side,Credit card,1,1.95,13,13.5,4.38,0,21.88
137,234,1,2024-04-26,13,2024-04-26,13,Manhattan,Kips Bay,Manhattan,Union Sq,Credit card,1,0.63,6,7.2,2.24,0,13.44
113,186,1,2024-04-26,13,2024-04-26,13,Manhattan,Greenwich Village North,Manhattan,Penn Station/Madison Sq West,Credit card,1,1.03,11,11.4,2.31,0,17.71
263,1,1,2024-04-26,13,2024-04-26,15,Manhattan,Yorkville West,EWR,Newark Airport,Credit card,1,22.51,70,120.3,10,13.38,144.68
43,162,1,2024-04-26,13,2024-04-26,13,Manhattan,Central Park,Manhattan,Midtown East,Credit card,1,1.9,15,14.9,4.72,0,23.62
233,138,1,2024-04-26,13,2024-04-26,14,Manhattan,UN/Turtle Bay South,Queens,LaGuardia Airport,Credit card,1,10.52,33,47.8,12.75,6.94,76.49
138,186,1,2024-04-26,13,2024-04-26,13,Queens,LaGuardia Airport,Manhattan,Penn Station/Madison Sq West,Credit card,1,12.1,43,56.2,14.75,6.94,88.64
237,162,1,2024-04-26,13,2024-04-26,14,Manhattan,Upper East Side South,Manhattan,Midtown East,Credit card,1,0.8,9,7.9,2.4,0,14.3
107,237,1,2024-04-26,13,2024-04-26,13,Manhattan,Gramercy,Manhattan,Upper East Side South,Credit card,2,2.6,24,21.9,7.75,0,33.65
237,50,1,2024-04-26,13,2024-04-26,14,Manhattan,Upper East Side South,Manhattan,Clinton West,Credit card,1,2.2,18,18.4,4.45,0,26.85
164,170,1,2024-04-26,13,2024-04-26,13,Manhattan,Midtown South,Manhattan,Murray Hill,Credit card,1,0.5,6,7.2,2,0,13.2
230,138,1,2024-04-26,13,2024-04-26,14,Manhattan,Times Sq/Theatre District,Queens,LaGuardia Airport,Credit card,1,10.1,29,41.5,11.49,6.94,68.93
264,264,1,2024-04-26,13,2024-04-26,13,Unknown,N/A,Unknown,N/A,Credit card,1,1.27,16,14.9,3.78,0,22.68
68,162,1,2024-04-26,13,2024-04-26,14,Manhattan,East Chelsea,Manhattan,Midtown East,Credit card,1,2.18,31,26.1,6.02,0,36.12
239,239,1,2024-04-26,13,2024-04-26,13,Manhattan,Upper West Side South,Manhattan,Upper West Side South,Credit card,1,0.3,2,3.7,2,0,9.7
142,50,1,2024-04-26,13,2024-04-26,14,Manhattan,Lincoln Square East,Manhattan,Clinton West,Credit card,1,1.1,11,9.3,2.65,0,15.95
13,100,2,2024-04-26,13,2024-04-26,13,Manhattan,Battery Park City,Manhattan,Garment District,Cash,5,5.71,37,35.9,0,0,39.9
162,138,1,2024-04-26,13,2024-04-26,14,Manhattan,Midtown East,Queens,LaGuardia Airport,Credit card,1,9.6,30,40.8,11.35,6.94,68.09
138,163,1,2024-04-26,13,2024-04-26,14,Queens,LaGuardia Airport,Manhattan,Midtown North,Credit card,1,10.36,43,49.2,10,6.94,76.89
151,75,2,2024-04-26,13,2024-04-26,13,Manhattan,Manhattan Valley,Manhattan,East Harlem South,Cash,1,1.1,5,7.9,0,0,9.4
43,164,1,2024-04-26,13,2024-04-26,13,Manhattan,Central Park,Manhattan,Midtown South,Credit card,2,1.76,13,13.5,4.38,0,21.88
163,231,1,2024-04-26,13,2024-04-26,14,Manhattan,Midtown North,Manhattan,TriBeCa/Civic Center,Credit card,2,4.44,27,27.5,5,0,36.5
125,249,1,2024-04-26,13,2024-04-26,13,Manhattan,Hudson Sq,Manhattan,West Village,Credit card,1,0.7,6,7.2,2.25,0,13.45
90,100,1,2024-04-26,13,2024-04-26,13,Manhattan,Flatiron,Manhattan,Garment District,Credit card,1,1,10,10.7,2.95,0,17.65
142,142,2,2024-04-26,13,2024-04-26,13,Manhattan,Lincoln Square East,Manhattan,Lincoln Square East,Cash,1,0.38,4,5.8,0,0,12.3
43,229,1,2024-04-26,13,2024-04-26,13,Manhattan,Central Park,Manhattan,Sutton Place/Turtle Bay North,Credit card,1,0.85,12,12.1,4.03,0,20.13
233,186,1,2024-04-26,13,2024-04-26,14,Manhattan,UN/Turtle Bay South,Manhattan,Penn Station/Madison Sq West,Credit card,1,1.5,23,19.8,5.26,0,31.56
249,148,1,2024-04-26,13,2024-04-26,13,Manhattan,West Village,Manhattan,Lower East Side,Credit card,0,1.3,11,11.4,2,0,17.4
113,163,1,2024-04-26,13,2024-04-26,14,Manhattan,Greenwich Village North,Manhattan,Midtown North,Credit card,0,2.5,20,19.1,5.75,0,28.85
142,237,1,2024-04-26,13,2024-04-26,14,Manhattan,Lincoln Square East,Manhattan,Upper East Side South,Credit card,0,1.2,7,8.6,2.5,0,15.1
230,1,1,2024-04-26,13,2024-04-26,14,Manhattan,Times Sq/Theatre District,EWR,Newark Airport,Credit card,1,16.95,35,117.1,26.3,13.38,157.78
